Domain	SpendDate	SpendSum	SalesRevenue	ARank	QRank	Premium_yes	Total	STATUS
1732west.com	2023-07-15 07:00:00	0	0	100000001	-1	0.0	15.0	Rejected
2ndchancefororg.wordpress.com	2023-08-01 10:54:54	0	0	0	0	0.0	42.0	Rejected
4-6-2.com	2022-11-11 08:00:00	0	0	100000001	0	0.0	1.0	Rejected
4wardmiami.org	2023-07-16 07:00:00	0	0	16020656	-1	0.0	23.0	Accepted
6thanddetroit.com	2023-07-16 07:00:00	397	25292	18338107	-1	0.0	21.0	Accepted
828productions.com	2023-07-16 07:00:00	474	0	21383272	-1	2.0	43.0	Accepted
919usa.com	2023-07-29 07:00:00	0	0	11320841	-1	0.0	32.0	Accepted
abbotthospitalitygroup.com	2023-07-16 07:00:00	350	22379	100000001	-1	1.0	19.0	Accepted
ackermanphoto.com	2023-07-27 07:00:00	350	22379	6246210	-1	1.0	41.0	Accepted
actionmachineinc.com	2023-07-29 07:00:00	221	14935	23778130	-1	2.0	55.0	Accepted
adcomgrp.com	2023-07-16 07:00:00	0	0	100000001	-1	0.0	21.0	Accepted
advancedveincenter.com	2023-07-16 07:00:00	595	0	20495512	-1	3.0	44.0	Accepted
advancere.com	2023-07-29 07:00:00	31	16814	10141849	-1	1.0	45.0	Accepted
againfaster.com	2023-07-31 07:00:00	3708	229876	1575867	128924	12.0	64.0	Accepted
aksloan.com	2023-07-16 07:00:00	0	0	100000001	0	0.0	5.0	Accepted
aladdinsindiana.com	2023-07-16 07:00:00	101	0	22966235	-1	0.0	20.0	Accepted
alexpucher.com	2023-07-16 22:00:00	0	0	11008501	-1	1.0	16.0	Rejected
alpha1autosales.com	2023-07-17 07:00:00	498	0	100000001	0	2.0	31.0	Rejected
alphagammarho.org	2023-08-01 07:00:00	202	0	77407	400070	1.0	1.0	Accepted
alphier.com	2023-07-17 07:00:00	0	0	100000001	0	1.0	2.0	Rejected
altitudetrampolinepark.com	2023-07-31 07:00:00	2226	0	10210151	271988	4.0	33.0	Accepted
amazingsmarthomes.com	2023-07-17 07:00:00	0	0	100000001	-1	0.0	18.0	Accepted
americancheesecompany.com	2023-07-17 07:00:00	0	0	33042849	-1	1.0	28.0	Accepted
ampedlouisville.org	2023-07-18 07:00:00	36	0	10097792	-1	1.0	25.0	Accepted
amsllc.us	2023-07-17 07:00:00	0	0	100000001	0	0.0	5.0	Accepted
anactisis.com	2023-07-29 07:00:00	31	0	12824943	-1	1.0	45.0	Accepted
andersonrealtymn.com	2023-07-18 07:00:00	563	0	6618761	-1	3.0	35.0	Accepted
angeley.org	2023-07-17 07:00:00	0	0	100000001	-1	0.0	12.0	Rejected
apollochirony.com	2023-07-17 07:00:00	87	0	100000001	-1	0.0	1.0	Accepted
apostlethomas.org	2023-07-27 07:00:00	0	0	89786815	-1	1.0	16.0	Accepted
arcfabindustry.com	2023-07-19 07:00:00	0	0	100000001	0	0.0	17.0	Rejected
archfordcapital.com	2023-07-29 07:00:00	964	0	11305315	-1	4.0	66.0	Accepted
aresellerspassion.com	2023-08-08 01:08:00	0	18538	1865287	-1	1.0	11.0	Rejected
arjsauto.com	2023-07-31 07:00:00	338	0	17916341	-1	2.0	30.0	Accepted
artfactory.com	2023-07-30 07:00:00	40	45923	499586	105042	2.0	57.0	Rejected
asrpaintsprayersandiego.com	2023-07-22 07:00:00	0	0	83741376	-1	0.0	25.0	Accepted
atlasconcretesolutions.com	2023-09-06 08:47:00	0	0	61749660	-1	0.0	20.0	Accepted
atsewing.com	2023-07-29 07:00:00	350	22379	13014036	-1	1.0	27.0	Accepted
autorepaircenterville.com	2023-07-23 07:00:00	0	0	21983560	-1	1.0	20.0	Accepted
autumntransportation.com	2023-07-18 07:00:00	0	0	48176223	-1	0.0	15.0	Accepted
badassjv.com	2023-07-18 07:00:00	1090	0	7157072	-1	2.0	19.0	Accepted
bag-ish.com	2023-07-18 07:00:00	176	0	100000001	-1	1.0	15.0	Accepted
bahrslanding.com	2023-08-01 07:00:00	701	53438	1882036	-1	1.0	1.0	Accepted
baitulilm.org	2023-07-18 07:00:00	300	0	1204457	-1	1.0	21.0	Accepted
baldwinmemorial.org	2023-07-29 07:00:00	0	0	31047767	-1	0.0	23.0	Accepted
ballenstudios.com	2023-07-19 07:00:00	0	0	100000001	0	0.0	1.0	Accepted
ballet58.org	2023-07-29 07:00:00	1451	75089	13034686	-1	5.0	66.0	Rejected
bamsportscollectibles.com	2023-07-19 07:00:00	6	0	100000001	0	1.0	12.0	Accepted
banehaul.com	2023-07-19 07:00:00	0	0	83812956	0	0.0	7.0	Accepted
bardstownbourbon.com	2023-07-30 07:00:00	1102	0	89508	-1	6.0	101.0	Rejected
barkerapartments.com	2023-07-29 07:00:00	233	0	16104574	-1	1.0	32.0	Accepted
barnkatclothing.com	2023-07-19 07:00:00	600	39100	100000001	-1	1.0	32.0	Accepted
barnwoodgroup.com	2023-07-29 07:00:00	40	0	39287216	-1	3.0	41.0	Rejected
battlebank.com	2023-07-27 07:00:00	1949	0	32856013	-1	9.0	58.0	Accepted
baxteraerospace.com	2023-07-19 07:00:00	240	0	100000001	-1	1.0	35.0	Accepted
bceins.com	2023-06-12 07:00:00	34	0	100000001	0	0.0	6.0	Accepted
beachpoint.com	2023-07-19 07:00:00	607	39782	31877051	-1	1.0	40.0	Accepted
bebronzestudio.com	2023-07-19 07:00:00	432	27477	12836742	-1	3.0	42.0	Accepted
bedandbonetoo.com	2023-07-23 07:00:00	45	0	25457266	-1	1.0	29.0	Accepted
bellolane.com	2023-07-19 07:00:00	115	7782	1984403	-1	0.0	45.0	Accepted
berkshiremm.com	2023-07-27 07:00:00	1185	0	12761567	-1	5.0	101.0	Accepted
bettertonlaw.com	2023-07-20 07:00:00	27	0	100000001	-1	0.0	9.0	Accepted
beyondbookkeeping.info	2023-07-20 07:00:00	0	0	100000001	0	0.0	14.0	Rejected
bingrp.com	2023-07-29 07:00:00	117	0	4048309	0	1.0	10.0	Accepted
biocleanwa.com	2023-07-20 07:00:00	34	0	18541433	-1	3.0	42.0	Accepted
blackowl.law	2023-07-21 07:00:00	115	7105	100000001	-1	0.0	29.0	Accepted
blackrosesllc.com	2023-02-23 08:00:00	0	0	100000001	0	0.0	1.0	Accepted
blackrosesllc.com	2023-02-23 08:00:00	0	0	100000001	0	0.0	1.0	Accepted
bluefinrawbar.com	2023-09-16 10:36:00	0	400	100000001	-1	1.0	47.0	Accepted
bmologistics.com	2023-07-29 07:00:00	0	0	67302122	-1	0.0	32.0	Accepted
boneandgray.com	2023-07-21 07:00:00	371	22870	100000001	-1	2.0	30.0	Accepted
boydhardmoneyloans.com	2023-09-04 20:20:00	0	0	48024103	-1	3.0	48.0	Accepted
breakouteventservices.com	2023-07-22 07:00:00	0	0	100000001	-1	0.0	16.0	Accepted
breezecohost.com	2023-07-22 07:00:00	45	0	100000001	-1	2.0	35.0	Accepted
brightlightsmediallc.com	2023-07-22 07:00:00	0	0	62160677	-1	0.0	1.0	Rejected
bromeliaswimwear.com	2023-07-22 07:00:00	868	63380	15164134	-1	5.0	72.0	Accepted
bshs.biz	2023-07-22 07:00:00	97	0	100000001	-1	2.0	12.0	Accepted
bspretirement.com	2023-07-22 07:00:00	101	0	64013410	-1	0.0	32.0	Accepted
bundyandco.com	2023-07-22 07:00:00	0	0	100000001	0	0.0	14.0	Accepted
burtonpressurewashing.com	2023-02-23 08:00:00	0	0	100000001	0	0.0	1.0	Rejected
burtonpressurewashing.com	2023-02-23 08:00:00	0	0	100000001	0	0.0	1.0	Rejected
cabinetsbyrosso.com	2022-04-26 07:00:00	0	0	100000001	0	0.0	1.0	Accepted
cabinetsbyrosso.com	2022-04-26 07:00:00	0	0	100000001	0	0.0	1.0	Accepted
californiastateguardfoundation.org	2023-07-29 22:00:00	86	5446	89803848	-1	2.0	25.0	Accepted
capitalstaffingtx.com	2023-07-30 07:00:00	169	10157	61880185	-1	1.0	33.0	Accepted
cascade-partners.com	2023-07-29 07:00:00	40	0	12000856	686061	1.0	43.0	Accepted
catilize.com	2023-07-27 07:00:00	1831	46246	59294107	-1	4.0	50.0	Accepted
celebratemediagroup.com	2023-08-01 07:00:00	31	0	35801102	-1	1.0	25.0	Accepted
centarind.com	2023-07-23 07:00:00	31	16814	8598725	-1	1.0	49.0	Accepted
centralcalpropertymanagement.com	2023-07-23 07:00:00	0	0	100000001	-1	0.0	8.0	Accepted
centraldata.com	2023-07-27 07:00:00	1264	0	16982896	-1	6.0	70.0	Accepted
centurytool.net	2023-07-15 07:00:00	423	119560	291531	56730	3.0	27.0	Accepted
cerratos-welding-llc.business.site	2023-08-01 10:55:00	0	0	0	0	0.0	12.0	Rejected
cfsfutures.com	2023-07-23 07:00:00	0	0	84120416	-1	0.0	15.0	Accepted
cgmpro.com	2023-07-23 07:00:00	0	0	100000001	0	0.0	16.0	Accepted
chadchambersautos.com	2023-07-23 07:00:00	522	0	49355242	-1	2.0	40.0	Accepted
changalawinery.com	2023-07-23 07:00:00	0	0	7254654	-1	0.0	25.0	Accepted
chaplinandhill.com	2023-07-23 07:00:00	45	0	100000001	-1	1.0	37.0	Accepted
charleshenryjames.com	2023-07-23 07:00:00	0	0	5442080	0	0.0	10.0	Accepted
charlierussell.design	2023-07-23 07:00:00	350	20433	100000001	0	1.0	23.0	Rejected
citrusvb.com	2023-07-29 07:00:00	166	0	4102531	-1	0.0	32.0	Accepted
cjccompany.com	2023-07-24 07:00:00	0	0	46590953	-1	0.0	16.0	Rejected
clarionsociety.org	2023-07-29 07:00:00	140	0	2098744	-1	0.0	27.0	Accepted
clearcreekrecreation.com	2023-07-29 07:00:00	0	0	16364876	-1	0.0	23.0	Accepted
clementinehairlounge.com	2023-07-26 22:00:00	24	0	64281382	-1	0.0	24.0	Accepted
clinejewelers.com	2023-07-29 07:00:00	1087	0	13870509	-1	3.0	41.0	Accepted
cmlaw.com	2023-07-29 07:00:00	442	0	3006707	-1	3.0	52.0	Accepted
conservaresources.com	2023-07-28 07:00:00	194	0	28702209	-1	0.0	15.0	Accepted
copronason.com	2023-07-28 22:00:00	203	0	449050	325109	0.0	12.0	Accepted
cpackmanufacturing.com	2023-07-29 07:00:00	1462	102151	100000001	-1	0.0	1.0	Accepted
craftedhospitality.com	2023-07-31 07:00:00	1134	0	119260	635181	2.0	25.0	Accepted
crazyjco.com	2023-07-25 07:00:00	101	0	100000001	0	0.0	1.0	Accepted
creekridge-services.com	2023-07-25 07:00:00	0	0	100000001	0	0.0	16.0	Accepted
crossbarco.com	2023-07-29 07:00:00	115	7782	100000001	-1	0.0	35.0	Accepted
crowdfundingselect.com	2023-07-28 22:00:00	0	0	100000001	-1	0.0	18.0	Rejected
cuisinewanderer.com	2023-07-28 07:00:00	51	6248	100000001	0	2.0	40.0	Accepted
cxdatalabs.com	2023-07-29 22:00:00	0	0	100000001	-1	0.0	18.0	Accepted
damespointworkboats.com	2023-07-31 07:00:00	12	0	37688831	-1	0.0	14.0	Accepted
damienshellfsp.com	2023-08-01 07:00:00	735	0	100000001	-1	4.0	34.0	Accepted
dannenbaumllc.com	2023-07-30 07:00:00	31	0	443738	-1	1.0	34.0	Accepted
darlenemacauley.com	2023-07-25 07:00:00	31	0	100000001	-1	1.0	25.0	Accepted
ddmachine.com	2023-07-25 07:00:00	0	0	8346766	0	0.0	6.0	Accepted
debbieellisenconsulting.com	2023-07-20 07:00:00	101	0	100000001	0	0.0	3.0	Accepted
deepestcut.com	2023-07-25 07:00:00	0	0	100000001	0	0.0	13.0	Accepted
demsforilhouse.com	2023-07-28 07:00:00	1528	120967	100000001	-1	3.0	46.0	Accepted
denverantiques.com	2023-07-25 07:00:00	373	23836	31514507	-1	2.0	33.0	Rejected
designcoaches.com	2023-07-25 07:00:00	0	0	100000001	-1	0.0	3.0	Accepted
desmoinesbreakerz.com	2023-08-21 23:00:00	0	22379	33221397	0	1.0	26.0	Rejected
detroitpublicthrift.com	2023-07-26 07:00:00	350	0	32643571	-1	1.0	19.0	Accepted
devzero.co.uk	2023-07-26 07:00:00	0	0	16196322	0	0.0	6.0	Rejected
dextonkids.com	2023-07-26 07:00:00	0	0	33514886	-1	0.0	24.0	Accepted
dhillontechnologies.net	2023-07-28 07:00:00	0	0	89306202	-1	0.0	34.0	Rejected
diamonddynastyllc.com	2023-07-26 07:00:00	86	5965	100000001	0	0.0	16.0	Accepted
digitalcounsel.xyz	2023-07-28 22:00:00	0	0	100000001	-1	0.0	1.0	Accepted
distribuidora-duche-west.myshopify.com	2023-08-01 10:57:12	0	0	0	0	1.0	16.0	Accepted
djapartners.net	2023-07-26 07:00:00	0	0	100000001	0	0.0	4.0	Rejected
dodddevelopmentgroup.com	2023-08-20 03:59:00	0	7782	100000001	-1	0.0	29.0	Accepted
dogwoodpropertyrentals.com	2023-07-26 07:00:00	481	0	84473917	-1	2.0	25.0	Accepted
dolphinschoolofrealestate.com	2023-07-27 07:00:00	254	0	65962234	-1	1.0	43.0	Accepted
donahuejg.com	2023-07-26 07:00:00	0	0	100000001	-1	0.0	15.0	Rejected
doodadswhatnots.com	2023-07-26 07:00:00	221	14935	100000001	-1	2.0	34.0	Rejected
doodlesndanes.com	2023-07-26 07:00:00	154	0	61958619	-1	0.0	27.0	Rejected
downhomecoastal.com	2023-07-26 07:00:00	0	0	100000001	0	0.0	13.0	Accepted
dragonflyeditorial.com	2023-07-31 07:00:00	318	0	1365918	-1	2.0	40.0	Accepted
drcprint.com	2023-07-27 07:00:00	0	0	100000001	0	0.0	22.0	Accepted
dream-realty.com	2023-08-10 05:32:00	0	23836	73557058	-1	2.0	27.0	Accepted
eatcoop.com	2023-07-27 07:00:00	350	22379	31798883	-1	1.0	22.0	Accepted
echouses.com	2023-07-27 07:00:00	370	0	38908217	-1	3.0	26.0	Accepted
ecopod.us	2023-07-27 07:00:00	0	0	11641395	-1	0.0	25.0	Rejected
edgecapitalholdings.com	2023-07-27 07:00:00	0	0	100000001	0	0.0	14.0	Accepted
efchildcare.com	2023-07-27 07:00:00	0	0	100000001	0	0.0	14.0	Accepted
elevationdesign.group	2023-07-27 07:00:00	40	0	100000001	-1	1.0	11.0	Accepted
elpbnb.com	2023-07-27 07:00:00	0	0	100000001	0	0.0	14.0	Rejected
emmanuelgreene.com	2023-07-28 07:00:00	299	0	23446428	-1	1.0	21.0	Rejected
equipomex.com	2023-07-28 07:00:00	0	0	84631856	0	0.0	19.0	Accepted
escobarholdings.com	2023-09-10 17:11:00	0	28865	100000001	-1	0.0	20.0	Rejected
ethurethur.com	2023-07-28 07:00:00	0	0	18250282	-1	0.0	23.0	Accepted
europeanstonetile.com	2023-07-29 07:00:00	376	0	48414326	-1	2.0	40.0	Accepted
eventradiorentals.com	2023-07-28 07:00:00	632	17209	44430440	-1	3.0	70.0	Accepted
factotumcoffee.com	2023-07-28 07:00:00	115	7782	68911186	-1	0.0	31.0	Accepted
faintinggoatstudios.com	2023-07-29 07:00:00	420	26749	100000001	-1	3.0	23.0	Rejected
farmhousepaintandsip.com	2023-07-29 07:00:00	0	0	11317022	-1	0.0	3.0	Accepted
fayetteindustries.com	2023-07-29 07:00:00	31	0	70021459	-1	2.0	30.0	Accepted
finn.auto	2023-07-31 07:00:00	3814	0	1756030	498059	5.0	16.0	Accepted
fleetfeetfresno.com	2023-07-30 07:00:00	0	0	23399882	-1	0.0	6.0	Accepted
foodshed.coop	2023-08-23 11:32:00	0	0	31584595	-1	2.0	39.0	Accepted
for-ny.org	2023-07-30 07:00:00	1136	0	4045271	-1	5.0	48.0	Accepted
fortnightbrewing.com	2023-07-30 07:00:00	208	0	2259515	-1	0.0	52.0	Accepted
fowlerandsonsinc.com	2023-07-30 07:00:00	232	15533	37114510	-1	2.0	34.0	Accepted
fradeibistro.com	2023-07-30 07:00:00	350	22379	15326136	-1	1.0	22.0	Accepted
fudo-ae.com	2023-07-30 07:00:00	0	0	28610244	0	0.0	3.0	Accepted
future.surf	2023-07-25 07:00:00	14	2177	100000001	-1	0.0	1.0	Rejected
gametime.com	2023-07-31 07:00:00	3361	229399	1508836	111766	7.0	41.0	Accepted
gamgllc.com	2023-07-30 07:00:00	0	0	4866707	-1	0.0	14.0	Accepted
gatherprojects.com	2023-07-31 07:00:00	373	0	32653695	-1	2.0	24.0	Accepted
gazelleis.com	2023-07-31 07:00:00	173	0	100000001	0	1.0	9.0	Accepted
geckogrillaz.com	2023-07-31 07:00:00	300	0	21099219	-1	1.0	39.0	Accepted
gehlfoods.com	2023-07-31 07:00:00	567	0	23912628	-1	1.0	8.0	Accepted
gingerelizabeth.com	2023-07-31 22:00:00	718	45678	1763997	-1	3.0	59.0	Accepted
glocreative.com	2023-07-31 07:00:00	0	0	15905724	-1	0.0	23.0	Rejected
goatfoods.com	2023-07-31 07:00:00	0	0	100000001	0	0.0	15.0	Accepted
gogginscreations.com	2023-07-31 07:00:00	349	25714	21125336	-1	3.0	43.0	Accepted
graniteortho.com	2023-08-01 07:00:00	14	0	14527279	-1	1.0	43.0	Accepted
grantlandusa.com	2023-08-01 07:00:00	0	0	100000001	0	0.0	13.0	Rejected
grantsystemsmgmt.com	2023-08-01 07:00:00	115	7782	61626747	0	0.0	10.0	Accepted
gravagroup.com	2023-09-07 21:32:00	0	7782	100000001	-1	0.0	19.0	Accepted
greatheart.io	2023-06-20 07:00:00	0	0	32713445	0	0.0	25.0	Accepted
greenconstructionservicesllc.com	2023-08-01 07:00:00	0	0	100000001	-1	0.0	25.0	Accepted
greenmedgroup.com	2023-07-29 07:00:00	367	0	100000001	0	1.0	18.0	Accepted
greenmediainc.com	2023-07-26 22:00:00	233	0	13476445	0	0.0	1.0	Accepted
grissominsurance.com	2023-07-29 07:00:00	443	0	100000001	-1	0.0	1.0	Accepted
gstav.com	2023-07-27 07:00:00	61	0	47719089	-1	0.0	2.0	Accepted
guardia1.com	2023-07-31 07:00:00	706	6846	10217786	-1	1.0	31.0	Accepted
habilpr.com	2023-06-19 07:00:00	0	0	100000001	-1	0.0	3.0	Accepted
harding-inc.com	2023-07-27 07:00:00	31	0	25461878	-1	0.0	1.0	Accepted
hireitdone.com	2023-07-29 07:00:00	31	0	12672543	-1	1.0	34.0	Accepted
hivesyndicate.net	2023-07-28 07:00:00	373	0	80647607	-1	0.0	1.0	Accepted
holoholoministries.com	2023-06-20 07:00:00	16	920	75818460	-1	0.0	18.0	Accepted
howardsystems.com	2023-07-29 07:00:00	281	0	19364642	695194	2.0	18.0	Accepted
humagel.com	2023-07-31 07:00:00	1621	117887	2228171	-1	8.0	42.0	Accepted
ibanezdeanmarketing.com	2023-06-21 07:00:00	0	0	100000001	0	0.0	7.0	Rejected
ideallandscapingnc.com	2023-07-29 07:00:00	0	0	24883269	-1	0.0	7.0	Accepted
iitsource.com	2023-07-18 07:00:00	0	0	65920747	-1	0.0	1.0	Accepted
ilovetocater.com	2023-06-21 07:00:00	0	0	38072098	0	1.0	21.0	Accepted
imvets.com	2023-08-01 07:00:00	57	0	1903845	-1	0.0	24.0	Rejected
industrialsafetyllc.net	2023-06-23 07:00:00	0	0	71490977	-1	0.0	15.0	Accepted
inlinemedia.com	2023-07-29 07:00:00	350	0	14877969	-1	0.0	28.0	Accepted
inlineps.com	2023-09-05 17:24:00	0	0	100000001	-1	2.0	34.0	Accepted
innovatenowllc.com	2023-07-27 07:00:00	0	0	16970058	-1	0.0	19.0	Accepted
innsolgroup.com	2023-07-10 07:00:00	117	0	13230967	695988	0.0	1.0	Rejected
integrityfuneralservice.com	2023-07-15 07:00:00	1048	0	28978343	211854	5.0	38.0	Accepted
integritymillwork.net	2023-07-29 07:00:00	350	20433	22152425	-1	0.0	21.0	Rejected
intennasystems.com	2023-07-29 22:00:00	240	0	17797234	-1	1.0	42.0	Accepted
invictusbrewingco.com	2023-07-30 07:00:00	30	0	4102611	-1	0.0	3.0	Accepted
iowaearcenter.com	2023-07-30 07:00:00	350	22379	23136526	-1	0.0	29.0	Accepted
iroquoissprings.com	2023-07-30 07:00:00	987	0	100004	-1	1.0	34.0	Accepted
ishipitright.com	2023-07-30 07:00:00	235	0	62962409	-1	0.0	15.0	Accepted
jab-marketing.com	2023-07-18 07:00:00	0	0	55836448	-1	0.0	5.0	Accepted
jabosbarbeq.com	2023-07-30 07:00:00	77	0	15146877	-1	0.0	4.0	Rejected
jannjune.com	2023-07-30 07:00:00	1045	60099	5911562	-1	0.0	6.0	Accepted
jatnet.com	2023-07-30 07:00:00	61	0	32874354	-1	3.0	25.0	Accepted
jbrowneexcavating.com	2023-07-28 21:08:00	0	8395	85324772	-1	0.0	25.0	Accepted
jdmainaccounting.com	2023-06-22 07:00:00	0	0	100000001	-1	0.0	11.0	Accepted
jeanvovos.com	2023-06-22 07:00:00	0	0	28599236	-1	0.0	15.0	Accepted
jeffgoodin.com	2023-07-30 07:00:00	115	7782	75193025	-1	0.0	1.0	Accepted
jellyfishcreates.com	2023-06-22 07:00:00	350	22379	100000001	-1	1.0	27.0	Accepted
jemsiboutique.com	2023-07-30 07:00:00	527	35282	100000001	-1	0.0	3.0	Accepted
jennirudolph.com	2023-06-24 07:00:00	0	0	32796698	-1	0.0	31.0	Rejected
jnjcattleco.com	2023-07-30 07:00:00	227	14958	100000001	-1	0.0	1.0	Rejected
jongiganti.com	2023-06-23 07:00:00	723	0	64299491	-1	1.0	16.0	Accepted
js2aero.aero	2023-07-31 07:00:00	163	0	80826858	-1	0.0	1.0	Accepted
jsquaredent.com	2023-06-23 07:00:00	0	0	20489634	0	0.0	34.0	Rejected
junkans.com	2023-06-24 07:00:00	350	0	100000001	-1	1.0	28.0	Accepted
kanbesmarkets.org	2023-07-31 07:00:00	766	0	9842765	-1	0.0	1.0	Accepted
kcyp.org	2023-07-31 07:00:00	264	0	37584333	-1	0.0	1.0	Accepted
keetonfuller.com	2023-06-23 07:00:00	115	7782	100000001	-1	0.0	31.0	Accepted
keithglines.com	2023-07-31 07:00:00	240	0	38234451	-1	0.0	2.0	Accepted
kely.app	2023-06-23 07:00:00	0	0	100000001	0	0.0	22.0	Accepted
kennedy-services.com	2023-07-31 07:00:00	1644	0	30519494	-1	0.0	1.0	Accepted
kevin-rapp.com	2023-07-18 00:12:00	0	22379	100000001	0	1.0	17.0	Accepted
kioxia.com	2023-07-31 07:00:00	7078	0	35039	622616	6.0	88.0	Rejected
kottibrooklyn.com	2023-06-24 07:00:00	0	0	11489845	-1	0.0	5.0	Accepted
l4capital.com	2023-06-25 07:00:00	0	0	72159114	-1	0.0	6.0	Accepted
lakeshorecreativeservices.com	2023-06-25 07:00:00	0	0	100000001	0	0.0	16.0	Accepted
langdaleaccounting.com	2023-06-25 07:00:00	0	0	100000001	0	0.0	9.0	Rejected
lapissoul.com	2023-06-25 07:00:00	34	3302	100000001	-1	2.0	45.0	Accepted
laqchara.com	2023-07-29 07:00:00	209	0	17162310	-1	0.0	36.0	Accepted
larrykeiter.com	2023-06-25 07:00:00	0	0	85587331	0	0.0	7.0	Accepted
laserproductsus.com	2023-07-29 07:00:00	3565	71721	17904548	361968	5.0	85.0	Accepted
lawnproschattanooga.com	2023-06-25 07:00:00	0	0	26873748	-1	1.0	27.0	Accepted
lccontractinghvac.com	2023-06-25 07:00:00	117	0	85604018	0	0.0	4.0	Rejected
ldbwest.com	2023-06-25 07:00:00	101	0	100000001	-1	0.0	21.0	Accepted
leadhg.com	2023-06-25 07:00:00	0	0	19444168	-1	0.0	19.0	Accepted
leeartconsulting.com	2023-06-25 07:00:00	0	0	100000001	0	0.0	7.0	Accepted
legacyharbour.com	2023-06-25 07:00:00	1483	103646	39604935	-1	0.0	8.0	Accepted
legenderryab.com	2023-06-25 07:00:00	12	0	100000001	-1	0.0	11.0	Accepted
lewisfarmsohio.com	2023-06-25 07:00:00	350	22379	100000001	0	1.0	17.0	Rejected
lgvwines.com	2023-08-05 16:20:00	0	25155	6118877	-1	4.0	70.0	Accepted
lignolix.com	2023-06-26 07:00:00	60	0	13861236	-1	0.0	5.0	Accepted
lilliansnails.com	2023-07-16 07:00:00	101	0	47789405	-1	0.0	2.0	Accepted
limitless-potential.org	2023-07-29 07:00:00	0	0	54966309	-1	0.0	14.0	Rejected
limitlesscapitalfl.com	2023-06-26 07:00:00	0	0	100000001	0	0.0	1.0	Rejected
liquidsurfandsail.com	2023-07-29 07:00:00	1697	110321	7617924	698787	6.0	53.0	Accepted
littlebearinc.com	2023-07-29 07:00:00	0	0	63737770	0	0.0	12.0	Accepted
livsothebysrealty.com	2023-07-31 07:00:00	1125	0	708935	156439	1.0	9.0	Accepted
lizette-munoz.clientsecure.me	2023-08-01 10:56:42	0	0	0	0	1.0	16.0	Accepted
lorebrooklyn.com	2023-07-15 07:00:00	624	0	17117114	-1	0.0	2.0	Rejected
lucycompanypr.com	2023-07-29 07:00:00	0	0	25202314	-1	0.0	22.0	Accepted
luxebuilds.com	2023-06-29 07:00:00	0	0	18334691	-1	0.0	17.0	Accepted
luxsni.com	2023-08-20 16:12:00	0	6317	100000001	-1	1.0	5.0	Rejected
m2enterprisesusa.com	2023-06-29 07:00:00	0	0	100000001	-1	0.0	6.0	Accepted
machotacorestaurant.com	2023-07-15 07:00:00	558	0	19680708	-1	0.0	2.0	Accepted
macontrading.net	2023-06-11 07:00:00	117	0	100000001	-1	1.0	12.0	Accepted
madcapsoftware.com	2023-08-01 07:00:00	3748	0	786443	123522	12.0	60.0	Accepted
maggielouisebridal.com	2023-07-29 07:00:00	350	22379	4606447	-1	0.0	23.0	Accepted
magicalvacationslv.com	2023-06-29 07:00:00	335	0	47914821	-1	1.0	35.0	Accepted
magicmomtravel.com	2023-05-16 07:00:00	43	0	69325869	-1	1.0	28.0	Accepted
manchacaumc.org	2023-07-16 07:00:00	153	0	6858695	-1	0.0	2.0	Accepted
manderleyexoticteas.com	2023-06-27 07:00:00	0	0	100000001	-1	0.0	2.0	Accepted
marshhomeimprovement.com	2023-06-27 07:00:00	101	0	25842070	-1	0.0	23.0	Accepted
marydeetravel.com	2023-07-20 05:48:00	0	7782	24375126	-1	0.0	33.0	Accepted
mauihub.org	2023-07-15 07:00:00	397	23093	10388591	-1	0.0	2.0	Accepted
mccawac.com	2023-06-05 07:00:00	116	0	100000001	-1	0.0	4.0	Accepted
mccoymetal.com	2023-07-15 07:00:00	0	0	47686572	-1	0.0	2.0	Rejected
meaddesignco.com	2023-07-29 07:00:00	350	0	22430143	-1	0.0	28.0	Accepted
medicalmedium.com	2023-07-31 07:00:00	507	0	27963	18221	1.0	31.0	Accepted
mfarinc.net	2023-06-28 07:00:00	0	0	100000001	0	0.0	16.0	Rejected
mgsattorneys.com	2023-07-02 07:00:00	101	0	32443078	-1	0.0	10.0	Accepted
miehaus.com	2023-06-28 07:00:00	0	0	100000001	0	0.0	14.0	Rejected
mikronmfg.com	2023-07-29 07:00:00	0	0	46815265	-1	0.0	19.0	Accepted
milugis.com	2023-06-28 07:00:00	163	0	100000001	0	1.0	33.0	Rejected
minutemanpress.com	2023-07-29 07:00:00	3972	0	1124246	30364	8.0	115.0	Accepted
mlynet.com	2023-07-18 07:00:00	0	0	100000001	0	0.0	7.0	Accepted
mobilismed.com	2023-07-16 07:00:00	0	0	46743023	-1	0.0	2.0	Accepted
modigie.com	2023-07-25 07:00:00	4464	0	12913400	-1	3.0	35.0	Accepted
monexserv.com	2023-06-29 07:00:00	0	0	100000001	-1	0.0	27.0	Accepted
moreyouagency.com	2023-08-28 14:20:00	0	22379	32017152	615918	2.0	33.0	Accepted
morgantrust.org	2023-06-29 07:00:00	0	0	100000001	0	0.0	15.0	Rejected
motivationformaintenance.com	2023-07-31 07:00:00	0	0	100000001	-1	0.0	8.0	Accepted
mourabistro.com	2023-07-16 07:00:00	737	0	22504045	-1	0.0	2.0	Accepted
movingyourway.com	2023-06-29 07:00:00	0	0	26977316	-1	0.0	31.0	Rejected
mozzlab.shop	2023-08-19 20:12:00	0	4386	80158025	-1	0.0	2.0	Accepted
mtl.com.vn	2023-07-30 05:08:00	0	0	62381763	-1	0.0	2.0	Rejected
mtpleasantwashandwax.com	2023-06-29 07:00:00	0	0	34817110	-1	0.0	34.0	Rejected
myangelscare.com	2023-06-29 07:00:00	68	0	24758499	-1	3.0	35.0	Rejected
mycbs.work	2023-06-29 07:00:00	0	0	100000001	-1	0.0	3.0	Rejected
myempireroofing.com	2023-07-27 07:00:00	31	0	26613048	-1	0.0	8.0	Accepted
mylesallen.com	2023-06-29 07:00:00	0	0	100000001	0	0.0	2.0	Rejected
mynailtec.com	2023-06-29 07:00:00	176	12757	100000001	-1	0.0	13.0	Rejected
mysalonsuite.com/members/hillarie-roberson	2023-08-02 00:02:03	0	0	0	0	1.0	31.0	Accepted
namazakepaulimports.com	2023-06-29 07:00:00	39	6008	100000001	0	0.0	1.0	Accepted
negretesnotaries.com	2023-07-29 07:00:00	117	0	30415249	-1	2.0	33.0	Accepted
nextgenauto.net	2023-06-30 07:00:00	523	0	100000001	-1	1.0	36.0	Accepted
nextlevelmktg.com	2023-06-29 07:00:00	86	5965	100000001	0	1.0	28.0	Accepted
ngtc.com	2023-07-29 07:00:00	205	8902	56161860	-1	3.0	38.0	Accepted
niceenough.com	2023-07-16 07:00:00	563	38893	100000001	-1	0.0	2.0	Accepted
noahsark.net	2023-07-27 07:00:00	1242	77681	2443410	-1	2.0	35.0	Rejected
noblehousehotels.com	2023-07-31 07:00:00	1044	0	548528	180812	4.0	57.0	Accepted
nulimitcontractors.com	2023-07-31 07:00:00	102	10004	100000001	-1	3.0	49.0	Accepted
nuurez.com	2023-07-18 07:00:00	476	5640	26022574	-1	2.0	35.0	Accepted
nwcoffeesupply.com	2023-07-18 07:00:00	209	0	6842263	-1	0.0	11.0	Accepted
nwpropertyinvestmentsllc.com	2023-06-30 07:00:00	117	0	49900310	-1	1.0	28.0	Rejected
nymblsystems.com	2023-06-30 07:00:00	0	0	64425450	-1	0.0	6.0	Accepted
oakandivycollection.com	2023-06-30 07:00:00	37	0	100000001	0	1.0	25.0	Accepted
oakhillsprx.com	2023-07-29 07:00:00	24	0	24028771	-1	0.0	15.0	Rejected
oaklandthrive.org	2023-06-30 07:00:00	260	0	100000001	-1	0.0	1.0	Accepted
obrienmetal.com	2023-07-29 07:00:00	0	0	14205710	-1	0.0	3.0	Rejected
oceaniainc.net	2023-06-30 07:00:00	80	0	100000001	-1	0.0	33.0	Rejected
oceannafilms.com	2023-06-30 07:00:00	0	0	43675229	0	0.0	16.0	Accepted
oceanprograms.com	2023-07-31 07:00:00	2142	0	13821478	-1	0.0	27.0	Accepted
odysseybus.com	2023-06-30 07:00:00	0	0	64752373	-1	0.0	22.0	Accepted
oescgroup.com	2023-07-31 07:00:00	40	0	21707427	-1	1.0	29.0	Accepted
okcustomdetail.com	2023-07-24 02:20:00	0	7782	100000001	-1	0.0	26.0	Rejected
oldgregspizza.com	2023-07-15 07:00:00	1313	92376	14043149	-1	0.0	2.0	Accepted
omotoabaconsulting.com	2023-06-30 07:00:00	63	3833	100000001	0	0.0	1.0	Accepted
one.world	2023-08-08 11:08:00	0	0	6768356	-1	5.0	42.0	Accepted
one8solutions.com	2023-07-27 07:00:00	1624	31390	7270918	-1	3.0	60.0	Accepted
oneandonlypromos.com	2023-06-30 07:00:00	0	0	100000001	-1	0.0	22.0	Rejected
oneil4machinery.com	2023-06-30 07:00:00	0	0	56484982	-1	0.0	2.0	Accepted
optimumchemsolutions.com	2023-06-30 07:00:00	0	0	100000001	0	0.0	16.0	Accepted
organicrev.com	2023-07-15 07:00:00	1610	98164	14230779	-1	0.0	2.0	Accepted
otherleftventures.com	2023-06-30 07:00:00	350	22379	100000001	0	0.0	1.0	Accepted
ourvoicenc.org	2023-07-16 07:00:00	157	0	4005241	-1	0.0	2.0	Accepted
palletjunction.com	2023-07-30 07:00:00	647	42486	18541301	-1	2.0	51.0	Accepted
pamlicocft.com	2023-07-27 07:00:00	0	0	27550980	-1	1.0	20.0	Accepted
paperdollsboutiquestl.com	2023-07-16 07:00:00	86	5965	16582754	-1	1.0	40.0	Rejected
pathwaynpi.com	2023-07-09 07:00:00	1106	0	18824136	-1	3.0	48.0	Accepted
paul-stephens.com	2023-07-16 07:00:00	0	0	7185088	-1	1.0	22.0	Accepted
piecelovesoul.com	2023-07-01 07:00:00	434	31817	32415814	-1	3.0	53.0	Accepted
plasmonics-inc.com	2023-07-27 07:00:00	0	0	16882188	-1	0.0	21.0	Accepted
playmakercoach.com	2023-07-20 07:00:00	1153	0	15595053	-1	1.0	38.0	Accepted
plchoir.org	2023-07-16 07:00:00	350	20433	10011444	-1	1.0	21.0	Accepted
pmielpaso.com	2023-07-01 07:00:00	0	0	49098601	-1	0.0	4.0	Accepted
pocosinarts.org	2023-07-15 07:00:00	234	33131	6369210	704844	5.0	53.0	Accepted
pointzero.one	2023-07-02 07:00:00	159	9884	100000001	0	1.0	22.0	Accepted
popevalleywinery.com	2023-07-29 07:00:00	1087	69748	6872067	-1	4.0	38.0	Accepted
poppopentertainment.com	2023-07-02 07:00:00	0	0	100000001	0	0.0	13.0	Accepted
porticocollection.com	2023-07-30 07:00:00	57	0	17504329	-1	2.0	39.0	Accepted
practicemarcomm.com	2023-07-02 07:00:00	0	0	86377716	-1	0.0	26.0	Accepted
praesidioconsult.com	2023-07-02 07:00:00	0	0	100000001	0	0.0	16.0	Accepted
precisiontune.com	2023-07-31 07:00:00	159	0	1447120	20250	2.0	35.0	Accepted
preferredcg.com	2023-07-29 07:00:00	0	0	35562255	-1	0.0	27.0	Rejected
preferredcounsel.net	2023-07-30 22:00:00	27	160	64880198	-1	0.0	37.0	Accepted
prioritycommerce.com	2023-08-01 07:00:00	3534	0	54719393	-1	2.0	34.0	Accepted
prioritysoundengineering.com	2023-07-20 06:36:00	0	22379	100000001	-1	1.0	20.0	Accepted
priviamedicalgroup.com	2023-07-27 07:00:00	636	0	13603947	29826	5.0	66.0	Accepted
proaudioconsulting.com	2023-07-28 07:00:00	1164	0	76688716	-1	2.0	37.0	Accepted
promotionfitness.com	2023-07-02 07:00:00	373	0	100000001	-1	2.0	20.0	Accepted
provisionretirement.com	2023-08-24 09:19:00	0	0	60191564	-1	2.0	47.0	Rejected
ps.company	2023-07-14 07:00:00	389	26264	53168605	-1	1.0	27.0	Accepted
raanangroup.com	2023-07-03 07:00:00	30	0	100000001	-1	0.0	6.0	Rejected
ragenationapparel.com	2023-07-15 07:00:00	3455	226167	1839423	-1	15.0	67.0	Accepted
rainylakeonestop.com	2023-07-29 07:00:00	34	0	3396038	-1	2.0	37.0	Accepted
rajshreemart.com	2023-07-05 07:00:00	20	0	40783316	-1	0.0	31.0	Rejected
rca.org/churches/westside-oaks-church/	2023-10-01 00:02:00	0	0	0	0	2.0	34.0	Accepted
realemnproductions.com	2023-07-21 23:56:00	0	0	17136639	-1	0.0	25.0	Accepted
rebelleadershipgroup.com	2023-07-03 07:00:00	519	0	55168117	0	0.0	3.0	Accepted
redcedarhomesales.com	2023-07-30 07:00:00	27	0	31399700	-1	1.0	36.0	Accepted
redrunrite.com	2023-07-15 07:00:00	636	46793	36894367	-1	3.0	45.0	Accepted
relishburgerbar.com	2023-07-18 07:00:00	2056	0	17490876	-1	4.0	30.0	Accepted
resilienthha.com	2023-07-04 07:00:00	0	0	100000001	0	0.0	10.0	Rejected
retreat-greenlake.com	2023-07-15 07:00:00	400	41432	26742506	-1	1.0	26.0	Rejected
retrospectiveinc.com	2023-07-04 07:00:00	0	0	100000001	0	0.0	9.0	Accepted
revivemed.io	2023-07-08 07:00:00	0	0	9717463	-1	0.0	28.0	Accepted
riazcapital.com	2023-07-15 07:00:00	2362	115567	14718502	-1	6.0	54.0	Rejected
richardaparentdmd.com	2023-07-08 07:00:00	31	0	13150639	-1	2.0	31.0	Accepted
richardelectronics.com	2023-07-15 07:00:00	367	31441	100000001	-1	1.0	36.0	Accepted
richardgreenlyphoto.co.uk	2023-07-29 07:00:00	0	0	20930457	-1	0.0	14.0	Rejected
richardsllcpa.com	2023-07-16 07:00:00	31	0	100000001	-1	1.0	35.0	Accepted
ricostow.com	2023-07-08 22:00:00	40	0	100000001	-1	2.0	24.0	Accepted
riverstone.tech	2023-07-04 07:00:00	0	0	11903586	-1	0.0	12.0	Accepted
rkwallaceconsulting.com	2023-07-09 07:00:00	0	0	100000001	-1	0.0	13.0	Rejected
roaddoctors.com	2023-07-09 07:00:00	181	0	100000001	-1	0.0	23.0	Accepted
robcanlaw.com	2023-07-04 07:00:00	260	0	100000001	-1	2.0	36.0	Accepted
robertamichel.com	2023-07-09 07:00:00	350	0	2504672	-1	1.0	20.0	Accepted
rocksourceit.com	2023-07-09 07:00:00	45	0	100000001	-1	2.0	44.0	Rejected
rokitdrinks.com	2023-07-18 07:00:00	230	691	27128894	-1	3.0	36.0	Rejected
roucha.com	2023-07-31 07:00:00	1961	127865	15022865	-1	9.0	45.0	Accepted
roxvillehomes.com	2023-07-04 07:00:00	43	0	100000001	-1	0.0	1.0	Accepted
royleemarketing.com	2023-07-04 07:00:00	31	0	100000001	-1	1.0	40.0	Rejected
ruggedcoastal.com	2023-07-29 07:00:00	58	0	14952049	-1	1.0	50.0	Accepted
sa-eventservices.com	2023-07-29 07:00:00	0	0	30948786	-1	0.0	16.0	Accepted
sageunlimited.com	2023-07-04 07:00:00	0	0	100000001	0	0.0	16.0	Accepted
sagevacations.net	2023-07-04 07:00:00	223	0	100000001	-1	0.0	1.0	Accepted
samacontracting.org	2022-08-18 07:00:00	0	0	100000001	0	0.0	1.0	Accepted
samacontracting.org	2022-08-18 07:00:00	0	0	100000001	0	0.0	1.0	Accepted
sandstoneterrace.com	2023-07-09 10:44:00	0	23958	100000001	0	0.0	24.0	Accepted
santorejewelry.com	2023-07-05 07:00:00	855	59394	34736180	-1	3.0	41.0	Accepted
santoslloydlaw.com	2023-07-15 07:00:00	113	7726	21762572	-1	1.0	47.0	Accepted
sauvieislandstable.com	2023-07-05 07:00:00	350	22379	100000001	-1	1.0	23.0	Accepted
savannahcoffee.com	2023-07-16 07:00:00	402	12343	12470835	-1	0.0	3.0	Accepted
scottshayna.com	2023-07-15 07:00:00	115	7782	100000001	-1	0.0	34.0	Accepted
sembydesign.com	2023-07-18 07:00:00	392	0	8410094	-1	1.0	49.0	Accepted
sfs.org	2023-07-15 07:00:00	0	0	868584	-1	0.0	24.0	Accepted
shakewellbar.com	2023-07-05 07:00:00	0	0	17600930	-1	0.0	4.0	Accepted
shdistributing.com	2023-07-29 07:00:00	0	0	31472742	-1	0.0	22.0	Accepted
shieldministries.org	2023-07-29 07:00:00	115	7105	45669535	-1	0.0	42.0	Accepted
shopchosen.com	2023-07-05 07:00:00	0	0	47785371	0	0.0	18.0	Accepted
shopmindfulgifts.com	2023-07-15 07:00:00	911	63687	13707510	-1	10.0	71.0	Accepted
shortstackhousing.com	2023-07-05 07:00:00	553	38556	64880197	0	1.0	25.0	Accepted
shorttrip.com	2023-07-05 07:00:00	25	0	86780306	-1	0.0	36.0	Accepted
sierrabio.com	2023-07-23 07:00:00	0	0	78421617	-1	0.0	40.0	Accepted
simplyvirtualbookkeeping.com	2023-08-06 21:32:00	0	0	100000001	-1	5.0	47.0	Rejected
sjcleaningservices.com	2023-07-06 07:00:00	0	0	100000001	-1	1.0	18.0	Accepted
skilledkc.org	2023-07-29 07:00:00	900	0	21274844	-1	2.0	8.0	Accepted
skw-assoc.com	2023-08-13 01:08:00	0	0	100000001	-1	2.0	24.0	Accepted
sna-llc.com	2023-07-06 07:00:00	0	0	18571136	-1	0.0	4.0	Accepted
sovereignty.co	2023-07-16 07:00:00	1333	78302	12838136	709570	4.0	58.0	Rejected
spaceyacht.net	2023-07-29 07:00:00	1649	42560	10003690	308481	9.0	65.0	Accepted
splitrockdesign.com	2023-07-06 07:00:00	350	0	48993180	-1	1.0	32.0	Accepted
sportsvts.com	2023-07-29 07:00:00	373	0	18362834	-1	2.0	21.0	Rejected
stalwartplastics.com	2023-07-06 07:00:00	0	0	100000001	-1	0.0	8.0	Accepted
starexteriorsllc.com	2023-07-07 07:00:00	69	0	64248040	-1	0.0	5.0	Accepted
staycobblestone.com	2023-07-31 07:00:00	0	0	2989192	69363	0.0	34.0	Rejected
stephensbros.com	2023-09-16 21:56:00	0	6627	42187661	-1	2.0	29.0	Rejected
stlukesbrownsville.org	2023-07-07 07:00:00	12	0	62361550	-1	0.0	15.0	Accepted
stokesandspiehler.com	2023-07-29 07:00:00	1900	0	33411386	-1	5.0	41.0	Accepted
stonesthrowtech.org	2023-07-07 07:00:00	101	0	72445419	-1	0.0	26.0	Accepted
sundaybest.io	2023-08-16 17:24:00	0	0	100000001	-1	0.0	23.0	Accepted
sunshinenurserytoo.com	2023-07-27 07:00:00	0	0	100000001	0	0.0	6.0	Accepted
sussexpainrelief.com	2023-07-19 07:00:00	136	0	27735505	-1	1.0	17.0	Accepted
swborder.net	2023-07-08 07:00:00	0	0	100000001	-1	0.0	6.0	Accepted
sync-diagnostics.com	2023-07-08 07:00:00	9	75	100000001	-1	0.0	6.0	Accepted
synergyetherapy.com	2023-08-06 05:08:00	0	0	6313298	-1	3.0	50.0	Accepted
talnua.com	2023-07-30 05:08:00	0	11201	14251812	-1	0.0	48.0	Accepted
tandemresourcesolutions.com	2023-07-08 07:00:00	0	0	15361907	-1	0.0	9.0	Accepted
taurus-logistics-llc.business.site	2023-08-01 10:55:18	0	0	0	0	0.0	11.0	Accepted
tayloredhs.com	2023-07-08 07:00:00	0	0	100000001	0	0.0	5.0	Accepted
teamevanston.org	2023-07-16 07:00:00	0	0	25458827	-1	0.0	39.0	Accepted
theamandas.com	2023-07-29 07:00:00	0	0	13365748	-1	0.0	22.0	Rejected
thebumpster.com	2023-07-08 07:00:00	403	25906	31756667	-1	0.0	14.0	Accepted
theccsh.org	2023-07-09 07:00:00	0	0	4808371	-1	0.0	12.0	Accepted
thedicksteins.com	2023-07-09 07:00:00	0	0	100000001	0	0.0	16.0	Accepted
thedogwizard.com	2023-08-01 07:00:00	2253	0	10839452	-1	3.0	33.0	Accepted
thedominiongp.com	2023-07-09 07:00:00	0	0	100000001	-1	0.0	12.0	Accepted
thehartlaw.com	2023-07-16 07:00:00	350	22379	100000001	-1	1.0	28.0	Accepted
thehughesco.org	2023-08-01 07:00:00	0	0	60987510	0	0.0	1.0	Rejected
theinnatrsf.com	2023-07-29 07:00:00	256	0	843804	290167	4.0	51.0	Rejected
thepowerwithllc.com	2023-07-09 07:00:00	0	0	100000001	0	0.0	14.0	Accepted
therecoveryproject.net	2023-07-27 07:00:00	828	0	10356372	-1	4.0	46.0	Accepted
thesocialstage.com	2023-07-29 07:00:00	0	0	6492245	-1	0.0	28.0	Accepted
thevintagelbc.com	2023-07-13 07:48:00	0	25292	100000001	-1	2.0	25.0	Accepted
threelittleduckshawaii.com	2023-07-09 07:00:00	531	37475	46153914	-1	2.0	47.0	Accepted
tigerandthehorse.com	2023-07-09 07:00:00	0	0	100000001	0	0.0	1.0	Accepted
timberlinesouth.com	2023-07-09 07:00:00	0	0	100000001	-1	0.0	7.0	Rejected
tntmanufacturingllc.com	2023-08-30 12:44:00	0	7782	100000001	-1	0.0	24.0	Accepted
topofthesmokiescabin.com	2023-07-09 07:00:00	0	0	100000001	0	0.0	11.0	Accepted
topshelftampa.com	2023-07-15 07:00:00	166	0	22408666	-1	2.0	33.0	Accepted
transportwright.com	2023-07-09 07:00:00	20	0	100000001	-1	1.0	26.0	Accepted
trapeziummanagement.com	2023-07-09 07:00:00	0	0	100000001	0	0.0	1.0	Rejected
tsscimedia.com	2023-07-10 07:00:00	350	22379	100000001	-1	1.0	22.0	Accepted
tubbisice.com	2023-02-23 08:00:00	0	0	100000001	-1	0.0	1.0	Rejected
tuketu.com	2023-07-10 07:00:00	0	0	17058609	0	0.0	6.0	Accepted
twccalabama.com	2023-07-10 07:00:00	31	0	25461809	-1	2.0	37.0	Accepted
twomamabears.com	2023-07-15 07:00:00	248	0	25295634	-1	2.0	93.0	Accepted
txmetalx.com	2023-07-11 07:00:00	101	0	100000001	-1	0.0	30.0	Accepted
unicoconnect.com	2023-07-29 07:00:00	1063	0	16595111	-1	2.0	48.0	Rejected
untetheredtonguetiecenter.com	2023-07-11 07:00:00	240	0	40645155	-1	0.0	27.0	Accepted
urquhartsystems.com	2023-07-18 07:00:00	0	0	100000001	0	0.0	11.0	Accepted
utahfostercare.org	2023-07-29 07:00:00	413	0	1074230	282329	3.0	79.0	Accepted
valleyhay.com	2023-07-29 07:00:00	0	0	60949714	-1	0.0	14.0	Accepted
valuationsio.com	2023-07-10 07:00:00	0	0	100000001	-1	0.0	1.0	Accepted
vanburenandassociates.com	2023-07-12 07:00:00	192	0	55672110	-1	0.0	18.0	Accepted
vantagepoint-vail.com	2023-07-18 07:00:00	14	0	31103350	-1	1.0	36.0	Accepted
vbvf.org	2023-07-15 07:00:00	135	8554	21796080	-1	2.0	46.0	Accepted
vebababy.com	2023-07-19 07:35:00	0	48277	100000001	-1	2.0	41.0	Accepted
veryerictran.com	2023-07-12 22:00:00	350	22379	4159818	-1	1.0	20.0	Accepted
vinicolavarga.com	2023-07-13 07:00:00	0	0	100000001	-1	0.0	13.0	Accepted
vinnyslandscaping.godaddysites.com	2023-08-01 10:56:59	0	0	0	0	0.0	11.0	Accepted
virtualkitchenhall.com	2023-07-13 07:00:00	5	0	14419605	-1	0.0	47.0	Accepted
vonshay-emporium.ueniweb.com	2023-08-01 04:38:40	0	0	0	0	0.0	16.0	Rejected
wai.org	2023-08-01 07:00:00	1004	0	441162	143762	2.0	42.0	Accepted
wallyprojects.com	2023-07-16 07:00:00	51	6248	55061929	-1	1.0	24.0	Accepted
warrenmichaelsdigitalmarketingagency.com	2023-07-11 07:00:00	0	0	100000001	0	0.0	4.0	Rejected
washington-enterprises.com	2023-07-11 07:00:00	0	0	27482032	-1	0.0	6.0	Accepted
wealthassistants.com	2023-07-31 07:00:00	4069	230037	12802999	-1	3.0	25.0	Rejected
wealthsfg.com	2023-07-31 13:56:00	0	0	12190164	-1	1.0	41.0	Accepted
wellness-usa.com	2023-07-30 07:00:00	58	6462	21561208	-1	3.0	56.0	Rejected
westmainstudios.com	2023-07-29 07:00:00	86	5965	10571943	-1	1.0	25.0	Accepted
wfmmh.com	2023-07-12 07:00:00	115	7782	100000001	-1	0.0	28.0	Accepted
whatthefog.org	2023-02-23 08:00:00	0	0	100000001	0	0.0	1.0	Rejected
williamsconsultingllc.com	2023-07-31 07:00:00	127	0	15424066	-1	1.0	9.0	Accepted
willo.com	2023-07-29 07:00:00	1450	80194	135071	-1	6.0	80.0	Accepted
willysink.com	2023-07-12 07:00:00	143	0	100000001	-1	1.0	30.0	Accepted
wilridgewinery.com	2023-07-15 07:00:00	1015	178541	849647	-1	2.0	29.0	Accepted
windowsystemsoftexas.com	2023-07-29 07:00:00	48	0	55783247	-1	1.0	17.0	Accepted
wineresourcesllc.com	2023-07-13 07:00:00	20	400	14729228	-1	1.0	30.0	Rejected
wisconsinlions.org	2023-07-16 07:00:00	217	0	14161546	-1	1.0	33.0	Rejected
wolffurban.com	2023-07-12 07:00:00	350	0	18142344	-1	1.0	23.0	Accepted
woodybutts.com	2023-07-12 07:00:00	0	0	44326283	0	0.0	3.0	Accepted
wrcmaine.com	2023-08-21 17:24:00	0	22379	100000001	-1	1.0	23.0	Accepted
www.pbrgc.com	2023-07-01 07:00:00	0	0	86275761	0	0.0	0.0	Accepted
wydevco.com	2023-07-13 07:00:00	0	0	100000001	-1	0.0	13.0	Accepted
xxxclusivewineclub.com	2023-07-13 07:00:00	400	25798	100000001	-1	0.0	1.0	Accepted
yourautobuses.com	2023-07-13 07:00:00	0	0	100000001	0	0.0	13.0	Rejected
yourbookisyourhook.com	2023-07-31 07:00:00	317	0	6974214	-1	0.0	24.0	Accepted
zasloveaccounting.com	2023-07-13 07:00:00	397	25292	25964472	-1	2.0	23.0	Accepted
zixcorporation.com	2023-07-16 07:00:00	711	0	35596337	-1	2.0	34.0	Accepted
